銀行名稱,銀行代碼,卡片名稱,卡片類型,回饋亮點1,回饋亮點2,回饋亮點3,申辦連結,資料來源,更新時間
中國信託銀行,ctbc,中信ALL ME卡,一般,,,,https://www.ctbcbank.com/content/dam/minisite/long/creditcard/ALLME/index.html,https://www.ctbcbank.com/content/dam/minisite/long/creditcard/ALLME/index.html,2026-05-30
中國信託銀行,ctbc,中信Agoda聯名卡,聯名卡,,,,https://mkt.ctbcbank.com/long/creditcard/agoda/index.html,https://mkt.ctbcbank.com/long/creditcard/agoda/index.html,2026-05-30
中國信託銀行,ctbc,中信LINE Pay卡,一般,,,,https://www.ctbcbank.com/content/dam/minisite/long/creditcard/LINEPay/index.html,https://www.ctbcbank.com/content/dam/minisite/long/creditcard/LINEPay/index.html,2026-05-30
中國信託銀行,ctbc,中信foodpanda聯名卡,聯名卡,,,,https://www.ctbcbank.com/content/dam/minisite/long/creditcard/foodpanda/index.html,https://www.ctbcbank.com/content/dam/minisite/long/creditcard/foodpanda/index.html,2026-05-30
中國信託銀行,ctbc,中信uniopen卡,一般,,,,https://www.ctbcbank.com/content/dam/minisite/long/creditcard/uniopen/index.html,https://www.ctbcbank.com/content/dam/minisite/long/creditcard/uniopen/index.html,2026-05-30
中國信託銀行,ctbc,中信中油聯名卡,聯名卡,,,,https://www.ctbcbank.com/content/dam/minisite/long/creditcard/CPC/index.html,https://www.ctbcbank.com/content/dam/minisite/long/creditcard/CPC/index.html,2026-05-30
中國信託銀行,ctbc,中信中華航空聯名卡,聯名卡,,,,https://www.ctbcbank.com/content/dam/minisite/long/creditcard/CTBCCI/index.html,https://www.ctbcbank.com/content/dam/minisite/long/creditcard/CTBCCI/index.html,2026-05-30
中國信託銀行,ctbc,中信台北101聯名卡,聯名卡,,,,https://www.ctbcbank.com/content/dam/minisite/long/creditcard/Taipei101/index.html,https://www.ctbcbank.com/content/dam/minisite/long/creditcard/Taipei101/index.html,2026-05-30
中國信託銀行,ctbc,中信和泰聯名卡,聯名卡,,,,https://www.ctbcbank.com/content/dam/minisite/long/creditcard/Hotai/index.html,https://www.ctbcbank.com/content/dam/minisite/long/creditcard/Hotai/index.html,2026-05-30
中國信託銀行,ctbc,中信商旅鈦金卡,一般,,,,https://www.ctbcbank.com/content/dam/minisite/long/creditcard/bussiness/index.html,https://www.ctbcbank.com/content/dam/minisite/long/creditcard/bussiness/index.html,2026-05-30
中國信託銀行,ctbc,中信秀泰聯名卡,聯名卡,,,,https://www.ctbcbank.com/content/dam/minisite/long/creditcard/showtime/index.html,https://www.ctbcbank.com/content/dam/minisite/long/creditcard/showtime/index.html,2026-05-30
中國信託銀行,ctbc,中信財管鼎鑽卡,一般,,,,https://mkt.ctbcbank.com/long/creditcard/WMmember/index.html,https://mkt.ctbcbank.com/long/creditcard/WMmember/index.html,2026-05-30
中國信託銀行,ctbc,中信遠東SOGO聯名卡,聯名卡,,,,https://www.ctbcbank.com/content/dam/minisite/long/creditcard/SOGO/index.html,https://www.ctbcbank.com/content/dam/minisite/long/creditcard/SOGO/index.html,2026-05-30
元大銀行,yuanta,Hello Kitty分享聯名卡,聯名卡,,,,https://www.yuantabank.com.tw/bank/creditCard/creditCard/in.do?id=461462f877000006fa39,https://www.yuantabank.com.tw/bank/creditCard/creditCard/list.do,2026-05-30
元大銀行,yuanta,Hello Kitty鑽金聯名卡,聯名卡,,,,https://www.yuantabank.com.tw/bank/creditCard/creditCard/in.do?id=473f33ce38000002e0e9,https://www.yuantabank.com.tw/bank/creditCard/creditCard/list.do,2026-05-30
元大銀行,yuanta,Hello Kitty點數聯名卡,聯名卡/紅利點數,,,,https://www.yuantabank.com.tw/bank/creditCard/creditCard/in.do?id=475cc91b9800000322db,https://www.yuantabank.com.tw/bank/creditCard/creditCard/list.do,2026-05-30
元大銀行,yuanta,icash愛現晶緻/鈦金卡,一般,,,,https://www.yuantabank.com.tw/bank/creditCard/creditCard/in.do?id=31c2b8b0fd00000123c4,https://www.yuantabank.com.tw/bank/creditCard/creditCard/list.do,2026-05-30
元大銀行,yuanta,元大證券聯名卡,聯名卡,,,,https://www.yuantabank.com.tw/bank/creditCard/creditCard/in.do?id=470c0634cd0000059efa,https://www.yuantabank.com.tw/bank/creditCard/creditCard/list.do,2026-05-30
元大銀行,yuanta,分享黑啤悠遊聯名卡,聯名卡,,,,https://www.yuantabank.com.tw/bank/creditCard/creditCard/in.do?id=68a79aa15f0000076ba9,https://www.yuantabank.com.tw/bank/creditCard/creditCard/list.do,2026-05-30
元大銀行,yuanta,樂享晶緻/icash樂享卡,一般,,,,https://www.yuantabank.com.tw/bank/creditCard/creditCard/in.do?id=31c2ba30960000058da8,https://www.yuantabank.com.tw/bank/creditCard/creditCard/list.do,2026-05-30
元大銀行,yuanta,鑽金icash聯名卡,聯名卡,,,,https://www.yuantabank.com.tw/bank/creditCard/creditCard/in.do?id=31c2b4611f000004dd12,https://www.yuantabank.com.tw/bank/creditCard/creditCard/list.do,2026-05-30
元大銀行,yuanta,鑽金悠遊聯名卡,聯名卡,,,,https://www.yuantabank.com.tw/bank/creditCard/creditCard/in.do?id=6851bfce6700000373e2,https://www.yuantabank.com.tw/bank/creditCard/creditCard/list.do,2026-05-30
元大銀行,yuanta,鑽金智富iPASS聯名卡,聯名卡,,,,https://www.yuantabank.com.tw/bank/creditCard/creditCard/in.do?id=47bfb5ba85000006ef03,https://www.yuantabank.com.tw/bank/creditCard/creditCard/list.do,2026-05-30
元大銀行,yuanta,鑽金智富icash聯名卡,聯名卡,,,,https://www.yuantabank.com.tw/bank/creditCard/creditCard/in.do?id=5bedd3fe1d000000cadf,https://www.yuantabank.com.tw/bank/creditCard/creditCard/list.do,2026-05-30
元大銀行,yuanta,鑽金智富卡,一般,,,,https://www.yuantabank.com.tw/bank/creditCard/creditCard/in.do?id=473f33ce38000002e0e9,https://www.yuantabank.com.tw/bank/creditCard/creditCard/list.do,2026-05-30
元大銀行,yuanta,鑽金智富悠遊聯名卡,聯名卡,,,,https://www.yuantabank.com.tw/bank/creditCard/creditCard/in.do?id=68a7acff90000000d16c,https://www.yuantabank.com.tw/bank/creditCard/creditCard/list.do,2026-05-30
凱基銀行,kgi,Karry荷包乖乖金融卡,一般,,,,https://www.kgibank.com.tw/zh-tw/search/search-result?q=Karry%E8%8D%B7%E5%8C%85%E4%B9%96%E4%B9%96%E9%87%91%E8%9E%8D%E5%8D%A1,https://www.kgibank.com.tw/zh-tw/personal/credit-card/list,2026-05-30
凱基銀行,kgi,丁丁聯名卡,聯名卡,,,,https://www.kgibank.com.tw/zh-tw/personal/credit-card/list/tin-tin-drugstore-mastercard-titanium-card,https://www.kgibank.com.tw/zh-tw/personal/credit-card/list,2026-05-30
凱基銀行,kgi,丁丁藥局悠遊鈦金卡,一般,,,,https://www.kgibank.com.tw/zh-tw/personal/credit-card/list,https://www.kgibank.com.tw/zh-tw/personal/credit-card/list,2026-05-30
凱基銀行,kgi,丁丁藥局金卡,一般,,,,https://www.kgibank.com.tw/zh-tw/personal/credit-card/list,https://www.kgibank.com.tw/zh-tw/personal/credit-card/list,2026-05-30
凱基銀行,kgi,凱基人壽卡,一般,,,,https://www.kgibank.com.tw/zh-tw/personal/credit-card/list/kgi-life-insurance-visa-signature-card,https://www.kgibank.com.tw/zh-tw/personal/credit-card/list,2026-05-30
凱基銀行,kgi,凱基人壽御璽卡,高階卡,,,,https://www.kgibank.com.tw/zh-tw/personal/credit-card/list,https://www.kgibank.com.tw/zh-tw/personal/credit-card/list,2026-05-30
凱基銀行,kgi,凱基無限卡,高階卡,,,,https://www.kgibank.com.tw/zh-tw/personal/credit-card/list/visa-infinite-card,https://www.kgibank.com.tw/zh-tw/personal/credit-card/list,2026-05-30
凱基銀行,kgi,幣享卡,一般,,,,https://www.kgibank.com.tw/webpages/crypto-currency-credit-card/index.html?entry=OS9000525&utm_source=headquarters&utm_medium=image&utm_campaign=cryptocc&utm_content=headquarters_a_20250331&utm_term=OS9000525,https://www.kgibank.com.tw/zh-tw/personal/credit-card/list,2026-05-30
凱基銀行,kgi,幣享悠遊鈦金卡,一般,,,,https://www.kgibank.com.tw/zh-tw/personal/credit-card/list,https://www.kgibank.com.tw/zh-tw/personal/credit-card/list,2026-05-30
凱基銀行,kgi,悠遊聯名白金卡,聯名卡,,,,https://www.kgibank.com.tw/zh-tw/personal/credit-card/list,https://www.kgibank.com.tw/zh-tw/personal/credit-card/list,2026-05-30
凱基銀行,kgi,現金回饋卡,現金回饋,,,,https://www.kgibank.com.tw/zh-tw/personal/credit-card/list,https://www.kgibank.com.tw/zh-tw/personal/credit-card/list,2026-05-30
凱基銀行,kgi,申辦凱基信用卡,一般,,,,https://www.kgibank.com.tw/zh-tw/personal/credit-card/list,https://www.kgibank.com.tw/zh-tw/personal/credit-card/list,2026-05-30
凱基銀行,kgi,誠品悠遊御璽卡,高階卡,,,,https://www.kgibank.com.tw/zh-tw/personal/credit-card/list,https://www.kgibank.com.tw/zh-tw/personal/credit-card/list,2026-05-30
凱基銀行,kgi,誠品聯名卡,聯名卡,,,,https://www.kgibank.com.tw/webpages/eslite-credit-card/index.html?entry=OS9000815&utm_source=KGI&utm_medium=image&utm_campaign=ekcc&utm_content=KGI_a_20250702&utm_term=OS9000815,https://www.kgibank.com.tw/zh-tw/personal/credit-card/list,2026-05-30
凱基銀行,kgi,金融卡,一般,,,,https://cbotpweb.kgibank.com/Webhook/?eservice=officialweb&q=%E9%87%91%E8%9E%8D%E5%8D%A1%E9%81%BA%E5%A4%B1%E8%99%95%E7%90%86%E6%96%B9%E5%BC%8F,https://www.kgibank.com.tw/zh-tw/personal/credit-card/list,2026-05-30
凱基銀行,kgi,雙幣哩程卡,哩程,,,,https://www.kgibank.com.tw/zh-tw/personal/credit-card/list/dual-currency-mileage-credit-card,https://www.kgibank.com.tw/zh-tw/personal/credit-card/list,2026-05-30
凱基銀行,kgi,靈活卡,一般,,,,https://www.kgibank.com.tw/zh-tw/personal/credit-card/list,https://www.kgibank.com.tw/zh-tw/personal/credit-card/list,2026-05-30
凱基銀行,kgi,魔BUY卡,一般,,,,https://www.kgibank.com.tw/zh-tw/personal/credit-card/list/more-buy-credit-card,https://www.kgibank.com.tw/zh-tw/personal/credit-card/list,2026-05-30
凱基銀行,kgi,魔FUN悠遊御璽卡,高階卡,,,,https://www.kgibank.com.tw/zh-tw/personal/credit-card/list,https://www.kgibank.com.tw/zh-tw/personal/credit-card/list,2026-05-30
台北富邦銀行,fubon,Angel天使公益認同卡,一般,,,,https://www.fubon.com/banking/personal/credit_card/all_card/all_card.htm,https://www.fubon.com/banking/personal/credit_card/all_card/all_card.htm,2026-05-30
台北富邦銀行,fubon,DHC聯名卡,聯名卡,,,,https://www.fubon.com/banking/personal/credit_card/all_card/all_card.htm,https://www.fubon.com/banking/personal/credit_card/all_card/all_card.htm,2026-05-30
台北富邦銀行,fubon,LINE FRIENDS卡,一般,,,,https://www.fubon.com/banking/personal/credit_card/all_card/all_card.htm,https://www.fubon.com/banking/personal/credit_card/all_card/all_card.htm,2026-05-30
台北富邦銀行,fubon,Open Possible聯名卡,聯名卡,,,,https://www.fubon.com/banking/personal/credit_card/all_card/all_card.htm,https://www.fubon.com/banking/personal/credit_card/all_card/all_card.htm,2026-05-30
台北富邦銀行,fubon,VISA簽帳金融卡,一般,,,,https://www.fubon.com/banking/personal/credit_card/all_card/all_card.htm,https://www.fubon.com/banking/personal/credit_card/all_card/all_card.htm,2026-05-30
台北富邦銀行,fubon,momo卡,一般,,,,https://www.fubon.com/banking/personal/credit_card/all_card/all_card.htm,https://www.fubon.com/banking/personal/credit_card/all_card/all_card.htm,2026-05-30
台北富邦銀行,fubon,momo簽帳金融卡,一般,,,,https://www.fubon.com/banking/personal/credit_card/all_card/all_card.htm,https://www.fubon.com/banking/personal/credit_card/all_card/all_card.htm,2026-05-30
台北富邦銀行,fubon,勇士簽帳金融卡,一般,,,,https://www.fubon.com/banking/personal/credit_card/all_card/all_card.htm,https://www.fubon.com/banking/personal/credit_card/all_card/all_card.htm,2026-05-30
台北富邦銀行,fubon,台北市政府認同卡,一般,,,,https://www.fubon.com/banking/personal/credit_card/all_card/all_card.htm,https://www.fubon.com/banking/personal/credit_card/all_card/all_card.htm,2026-05-30
台北富邦銀行,fubon,台灣大哥大Open Possible聯名卡,聯名卡,,,,https://www.fubon.com/banking/personal/credit_card/all_card/all_card.htm,https://www.fubon.com/banking/personal/credit_card/all_card/all_card.htm,2026-05-30
台北富邦銀行,fubon,台灣大哥大悠遊聯名卡,聯名卡,,,,https://www.fubon.com/banking/personal/credit_card/all_card/all_card.htm,https://www.fubon.com/banking/personal/credit_card/all_card/all_card.htm,2026-05-30
台北富邦銀行,fubon,台茂聯名卡,聯名卡,,,,https://www.fubon.com/banking/personal/credit_card/all_card/all_card.htm,https://www.fubon.com/banking/personal/credit_card/all_card/all_card.htm,2026-05-30
台北富邦銀行,fubon,富邦Amoney卡,一般,,,,https://www.fubon.com/banking/personal/credit_card/all_card/all_card.htm,https://www.fubon.com/banking/personal/credit_card/all_card/all_card.htm,2026-05-30
台北富邦銀行,fubon,富邦Costco採購卡,一般,,,,https://www.fubon.com/banking/personal/credit_card/all_card/all_card.htm,https://www.fubon.com/banking/personal/credit_card/all_card/all_card.htm,2026-05-30
台北富邦銀行,fubon,富邦Costco聯名卡,聯名卡,,,,https://www.fubon.com/banking/personal/credit_card/all_card/all_card.htm,https://www.fubon.com/banking/personal/credit_card/all_card/all_card.htm,2026-05-30
台北富邦銀行,fubon,富邦IMPERIAL尊御世界卡,高階卡,,,,https://www.fubon.com/banking/personal/credit_card/all_card/all_card.htm,https://www.fubon.com/banking/personal/credit_card/all_card/all_card.htm,2026-05-30
台北富邦銀行,fubon,富邦J卡,一般,,,,https://www.fubon.com/banking/personal/credit_card/all_card/all_card.htm,https://www.fubon.com/banking/personal/credit_card/all_card/all_card.htm,2026-05-30
台北富邦銀行,fubon,富邦a miles航空卡,一般,,,,https://www.fubon.com/banking/personal/credit_card/all_card/all_card.htm,https://www.fubon.com/banking/personal/credit_card/all_card/all_card.htm,2026-05-30
台北富邦銀行,fubon,富邦世界卡,高階卡,,,,https://www.fubon.com/banking/personal/credit_card/all_card/all_card.htm,https://www.fubon.com/banking/personal/credit_card/all_card/all_card.htm,2026-05-30
台北富邦銀行,fubon,富邦商務卡,一般,,,,https://www.fubon.com/banking/personal/credit_card/all_card/all_card.htm,https://www.fubon.com/banking/personal/credit_card/all_card/all_card.htm,2026-05-30
台北富邦銀行,fubon,富邦富利生活系列卡,一般,,,,https://www.fubon.com/banking/personal/credit_card/all_card/all_card.htm,https://www.fubon.com/banking/personal/credit_card/all_card/all_card.htm,2026-05-30
台北富邦銀行,fubon,富邦尊御世界卡,高階卡,,,,https://www.fubon.com/banking/personal/credit_card/all_card/all_card.htm,https://www.fubon.com/banking/personal/credit_card/all_card/all_card.htm,2026-05-30
台北富邦銀行,fubon,富邦悍將悠遊聯名卡,聯名卡,,,,https://www.fubon.com/banking/personal/credit_card/all_card/all_card.htm,https://www.fubon.com/banking/personal/credit_card/all_card/all_card.htm,2026-05-30
台北富邦銀行,fubon,富邦數位生活卡,一般,,,,https://www.fubon.com/banking/personal/credit_card/all_card/all_card.htm,https://www.fubon.com/banking/personal/credit_card/all_card/all_card.htm,2026-05-30
台北富邦銀行,fubon,富邦無限卡,高階卡,,,,https://www.fubon.com/banking/personal/credit_card/all_card/all_card.htm,https://www.fubon.com/banking/personal/credit_card/all_card/all_card.htm,2026-05-30
台北富邦銀行,fubon,富邦財神卡,一般,,,,https://www.fubon.com/banking/personal/credit_card/all_card/all_card.htm,https://www.fubon.com/banking/personal/credit_card/all_card/all_card.htm,2026-05-30
台北富邦銀行,fubon,富邦財神系列卡,一般,,,,https://www.fubon.com/banking/personal/credit_card/all_card/all_card.htm,https://www.fubon.com/banking/personal/credit_card/all_card/all_card.htm,2026-05-30
台北富邦銀行,fubon,富邦鈦金卡,一般,,,,https://www.fubon.com/banking/personal/credit_card/all_card/all_card.htm,https://www.fubon.com/banking/personal/credit_card/all_card/all_card.htm,2026-05-30
台北富邦銀行,fubon,富邦銀行卡,一般,,,,https://www.fubon.com/banking/personal/credit_card/all_card/all_card.htm,https://www.fubon.com/banking/personal/credit_card/all_card/all_card.htm,2026-05-30
台北富邦銀行,fubon,富邦鑽保卡,一般,,,,https://www.fubon.com/banking/personal/credit_card/all_card/all_card.htm,https://www.fubon.com/banking/personal/credit_card/all_card/all_card.htm,2026-05-30
台北富邦銀行,fubon,尊御卡,一般,,,,https://www.fubon.com/banking/personal/credit_card/all_card/imperial/imperial.htm,https://www.fubon.com/banking/personal/credit_card/all_card/all_card.htm,2026-05-30
台北富邦銀行,fubon,廣三SOGO聯名卡,聯名卡,,,,https://www.fubon.com/banking/personal/credit_card/all_card/all_card.htm,https://www.fubon.com/banking/personal/credit_card/all_card/all_card.htm,2026-05-30
台北富邦銀行,fubon,悍將勇士簽帳金融卡,一般,,,,https://www.fubon.com/banking/personal/credit_card/all_card/all_card.htm,https://www.fubon.com/banking/personal/credit_card/all_card/all_card.htm,2026-05-30
台北富邦銀行,fubon,悍將勇士聯名卡,聯名卡,,,,https://www.fubon.com/banking/personal/credit_card/all_card/all_card.htm,https://www.fubon.com/banking/personal/credit_card/all_card/all_card.htm,2026-05-30
台北富邦銀行,fubon,悍將簽帳金融卡,一般,,,,https://www.fubon.com/banking/personal/credit_card/all_card/all_card.htm,https://www.fubon.com/banking/personal/credit_card/all_card/all_card.htm,2026-05-30
台北富邦銀行,fubon,政府採購卡,一般,,,,https://www.fubon.com/banking/personal/credit_card/all_card/all_card.htm,https://www.fubon.com/banking/personal/credit_card/all_card/all_card.htm,2026-05-30
台北富邦銀行,fubon,法鼓山自在卡,一般,,,,https://www.fubon.com/banking/personal/credit_card/all_card/all_card.htm,https://www.fubon.com/banking/personal/credit_card/all_card/all_card.htm,2026-05-30
台北富邦銀行,fubon,福華聯名卡,聯名卡,,,,https://www.fubon.com/banking/personal/credit_card/all_card/all_card.htm,https://www.fubon.com/banking/personal/credit_card/all_card/all_card.htm,2026-05-30
台北富邦銀行,fubon,適用信用卡,一般,,,,https://www.fubon.com/banking/personal/credit_card/all_card/all_card.htm,https://www.fubon.com/banking/personal/credit_card/all_card/all_card.htm,2026-05-30
台北富邦銀行,fubon,適用信用卡 | 簽帳金融卡,一般,,,,https://www.fubon.com/banking/personal/credit_card/all_card/all_card.htm,https://www.fubon.com/banking/personal/credit_card/all_card/all_card.htm,2026-05-30
台北富邦銀行,fubon,采盟聯名卡,聯名卡,,,,https://www.fubon.com/banking/personal/credit_card/all_card/all_card.htm,https://www.fubon.com/banking/personal/credit_card/all_card/all_card.htm,2026-05-30
台北富邦銀行,fubon,金融卡,一般,,,,https://www.fubon.com/banking/personal/credit_card/all_card/all_card.htm,https://www.fubon.com/banking/personal/credit_card/all_card/all_card.htm,2026-05-30
台北富邦銀行,fubon,麗嬰房聯名卡,聯名卡,,,,https://www.fubon.com/banking/personal/credit_card/all_card/all_card.htm,https://www.fubon.com/banking/personal/credit_card/all_card/all_card.htm,2026-05-30
台新銀行,taishin,Gogoro Rewards 聯名卡,聯名卡,,,,https://www.taishinbank.com.tw/TSB/personal/credit/intro/overview/cg042/card001/,https://www.taishinbank.com.tw/TSB/personal/credit/intro/overview/,2026-05-30
台新銀行,taishin,卓富無限卡,高階卡,,,,https://www.taishinbank.com.tw/TSB/personal/credit/intro/overview/cg045/card001/,https://www.taishinbank.com.tw/TSB/personal/credit/intro/overview/,2026-05-30
台新銀行,taishin,台新Richart卡,一般,,,,https://www.taishinbank.com.tw/TSB/personal/credit/intro/overview/cg047/card001/,https://www.taishinbank.com.tw/TSB/personal/credit/intro/overview/,2026-05-30
台新銀行,taishin,台新雙幣卡,一般,,,,https://www.taishinbank.com.tw/TSB/personal/credit/intro/overview/cg039/card001/,https://www.taishinbank.com.tw/TSB/personal/credit/intro/overview/,2026-05-30
台新銀行,taishin,國泰航空翱翔鈦金卡/鈦金卡,一般,,,,https://www.taishinbank.com.tw/TSB/personal/credit/intro/overview/cg003/card001/,https://www.taishinbank.com.tw/TSB/personal/credit/intro/overview/,2026-05-30
台新銀行,taishin,外籍人士辦卡,一般,,,,https://www.taishinbank.com.tw/TSB/personal/credit/-00001/foreigner-card/,https://www.taishinbank.com.tw/TSB/personal/credit/intro/overview/,2026-05-30
台新銀行,taishin,大全聯信用卡,一般,,,,https://www.taishinbank.com.tw/TSB/personal/credit/intro/overview/cg010/card001/,https://www.taishinbank.com.tw/TSB/personal/credit/intro/overview/,2026-05-30
台新銀行,taishin,太陽卡,一般,,,,https://www.taishinbank.com.tw/TSB/personal/credit/intro/overview/cg012/card0001/,https://www.taishinbank.com.tw/TSB/personal/credit/intro/overview/,2026-05-30
台新銀行,taishin,新光三越御璽/鈦金/白金卡,高階卡,,,,https://www.taishinbank.com.tw/TSB/personal/credit/intro/overview/cg008/card001/,https://www.taishinbank.com.tw/TSB/personal/credit/intro/overview/,2026-05-30
台新銀行,taishin,新光三越無限/世界卡,高階卡,,,,https://www.taishinbank.com.tw/TSB/personal/credit/intro/overview/cg014/card0001/,https://www.taishinbank.com.tw/TSB/personal/credit/intro/overview/,2026-05-30
台新銀行,taishin,昇恆昌御璽/白金/普卡,高階卡,,,,https://www.taishinbank.com.tw/TSB/personal/credit/intro/overview/cg009/card001/,https://www.taishinbank.com.tw/TSB/personal/credit/intro/overview/,2026-05-30
台新銀行,taishin,晶片金融卡,一般,,,,https://www.taishinbank.com.tw/TSB/personal/credit/intro/overview/,https://www.taishinbank.com.tw/TSB/personal/credit/intro/overview/,2026-05-30
台新銀行,taishin,更大 更全 大全聯信用卡,一般,,,,https://www.taishinbank.com.tw/TSB/personal/credit/intro/overview/,https://www.taishinbank.com.tw/TSB/personal/credit/intro/overview/,2026-05-30
台新銀行,taishin,燦坤聯名卡,聯名卡,,,,https://www.taishinbank.com.tw/TSB/personal/credit/intro/overview/cg023/card002/,https://www.taishinbank.com.tw/TSB/personal/credit/intro/overview/,2026-05-30
台新銀行,taishin,玫瑰卡,一般,,,,https://www.taishinbank.com.tw/TSB/personal/credit/intro/overview/cg013/card0001/,https://www.taishinbank.com.tw/TSB/personal/credit/intro/overview/,2026-05-30
台新銀行,taishin,現金卡,一般,,,,https://www.taishinbank.com.tw/TSB/personal/loan/stock-fund/card/story-cash-card-product-features/,https://www.taishinbank.com.tw/TSB/personal/credit/intro/overview/,2026-05-30
台新銀行,taishin,申辦信用卡,一般,,,,https://www.taishinbank.com.tw/TSB/personal/digital/online-application/online-credit-card/,https://www.taishinbank.com.tw/TSB/personal/credit/intro/overview/,2026-05-30
台新銀行,taishin,股票/基金質借貸款/現金卡,一般,,,,https://www.taishinbank.com.tw/TSB/personal/credit/intro/overview/,https://www.taishinbank.com.tw/TSB/personal/credit/intro/overview/,2026-05-30
台新銀行,taishin,街口聯名卡,聯名卡,,,,https://www.taishinbank.com.tw/TSB/personal/credit/intro/overview/cg038/card001/,https://www.taishinbank.com.tw/TSB/personal/credit/intro/overview/,2026-05-30
台新銀行,taishin,遠傳friDay聯名卡,聯名卡,,,,https://www.taishinbank.com.tw/TSB/personal/credit/intro/overview/cg019/card001/,https://www.taishinbank.com.tw/TSB/personal/credit/intro/overview/,2026-05-30
國泰世華銀行,cathaybk,CUBE 簽帳金融卡,一般,,,,https://www.cathaybk.com.tw/cathaybk/personal/credit-card/,https://www.cathaybk.com.tw/cathaybk/personal/credit-card/,2026-05-30
國泰世華銀行,cathaybk,CUBE信用卡,一般,,,,https://www.cathaybk.com.tw/cathaybk/personal/credit-card/,https://www.cathaybk.com.tw/cathaybk/personal/credit-card/,2026-05-30
國泰世華銀行,cathaybk,CUBE卡,一般,,,,https://www.cathaybk.com.tw/cathaybk/personal/credit-card/,https://www.cathaybk.com.tw/cathaybk/personal/credit-card/,2026-05-30
國泰世華銀行,cathaybk,Icon/70x70/停發卡,一般,,,,https://www.cathaybk.com.tw/cathaybk/personal/credit-card/,https://www.cathaybk.com.tw/cathaybk/personal/credit-card/,2026-05-30
國泰世華銀行,cathaybk,世界卡,高階卡,,,,https://www.cathaybk.com.tw/cathaybk/personal/credit-card/,https://www.cathaybk.com.tw/cathaybk/personal/credit-card/,2026-05-30
國泰世華銀行,cathaybk,亞洲萬里通聯名卡,聯名卡,,,,https://www.cathaybk.com.tw/cathaybk/personal/credit-card/,https://www.cathaybk.com.tw/cathaybk/personal/credit-card/,2026-05-30
國泰世華銀行,cathaybk,台塑聯名卡,聯名卡,,,,https://www.cathaybk.com.tw/cathaybk/personal/credit-card/,https://www.cathaybk.com.tw/cathaybk/personal/credit-card/,2026-05-30
國泰世華銀行,cathaybk,商務卡,一般,,,,https://www.cathaybk.com.tw/cathaybk/personal/credit-card/,https://www.cathaybk.com.tw/cathaybk/personal/credit-card/,2026-05-30
國泰世華銀行,cathaybk,本卡已於2021年11月1日併入且更名為CUBE卡,一般,,,,https://www.cathaybk.com.tw/cathaybk/personal/credit-card/,https://www.cathaybk.com.tw/cathaybk/personal/credit-card/,2026-05-30
國泰世華銀行,cathaybk,本卡已於2022年1月1日併入且更名為CUBE卡,一般,,,,https://www.cathaybk.com.tw/cathaybk/personal/credit-card/,https://www.cathaybk.com.tw/cathaybk/personal/credit-card/,2026-05-30
國泰世華銀行,cathaybk,本卡已於2023年10月3日併入且更名為CUBE卡,一般,,,,https://www.cathaybk.com.tw/cathaybk/personal/credit-card/,https://www.cathaybk.com.tw/cathaybk/personal/credit-card/,2026-05-30
國泰世華銀行,cathaybk,現金回饋御璽卡,現金回饋/高階卡,,,,https://www.cathaybk.com.tw/cathaybk/personal/credit-card/,https://www.cathaybk.com.tw/cathaybk/personal/credit-card/,2026-05-30
國泰世華銀行,cathaybk,申請信用卡,一般,,,,https://www.cathaybk.com.tw/cathaybk/personal/credit-card/cards/choose-card-s1/,https://www.cathaybk.com.tw/cathaybk/personal/credit-card/,2026-05-30
國泰世華銀行,cathaybk,立即辦卡,一般,,,,https://www.cathaybk.com.tw/cathaybk/onlineservice/CreditCard/CreditCardApply/cardgrade-s2.aspx?CardMain=4,https://www.cathaybk.com.tw/cathaybk/personal/credit-card/,2026-05-30
國泰世華銀行,cathaybk,蝦皮購物聯名卡,聯名卡,,,,https://www.cathaybk.com.tw/cathaybk/personal/credit-card/,https://www.cathaybk.com.tw/cathaybk/personal/credit-card/,2026-05-30
國泰世華銀行,cathaybk,長榮航空聯名卡,聯名卡,,,,https://www.cathaybk.com.tw/cathaybk/personal/credit-card/,https://www.cathaybk.com.tw/cathaybk/personal/credit-card/,2026-05-30
國泰世華銀行,cathaybk,雙幣卡,一般,,,,https://www.cathaybk.com.tw/cathaybk/personal/credit-card/,https://www.cathaybk.com.tw/cathaybk/personal/credit-card/,2026-05-30
星展銀行,dbs,星展HAPPY GO聯名卡,聯名卡,,,,https://www.dbs.com.tw/personal-zh/cards/dbs-happygo/index.html?pid=tw-pweb-personal-zh_cards_dbs-credit-cards_default_page-hyperlink,https://www.dbs.com.tw/personal-zh/cards/dbs-credit-cards/default.page,2026-05-30
星展銀行,dbs,星展PChome Prime聯名卡,聯名卡,,,,https://www.dbs.com.tw/personal-zh/cards/dbs-pchomeprime/index.html?pid=tw-pweb-personal-zh_cards_dbs-credit-cards_default_page-hyperlink,https://www.dbs.com.tw/personal-zh/cards/dbs-credit-cards/default.page,2026-05-30
星展銀行,dbs,星展eco永續世界商務卡,高階卡,,,,https://www.dbs.com.tw/personal-zh/cards/dbs-credit-cards/eco-world?pid=tw-pweb-personal-zh_cards_dbs-credit-cards_default_page-hyperlink,https://www.dbs.com.tw/personal-zh/cards/dbs-credit-cards/default.page,2026-05-30
星展銀行,dbs,星展eco永續優選PLUS卡,一般,,,,https://www.dbs.com.tw/personal-zh/cards/dbs-credit-cards/eco-plus?pid=tw-pweb-personal-zh_cards_dbs-credit-cards_default_page-hyperlink,https://www.dbs.com.tw/personal-zh/cards/dbs-credit-cards/default.page,2026-05-30
星展銀行,dbs,星展eco永續優選卡,一般,,,,https://www.dbs.com.tw/personal-zh/cards/dbs-credit-cards/eco-select?pid=tw-pweb-personal-zh_cards_dbs-credit-cards_default_page-hyperlink,https://www.dbs.com.tw/personal-zh/cards/dbs-credit-cards/default.page,2026-05-30
星展銀行,dbs,星展eco永續卡,一般,,,,https://www.dbs.com.tw/personal-zh/cards/dbs_eco/index.html?pid=tw-pweb-personal-zh_cards_dbs-credit-cards_default_page-hyperlink,https://www.dbs.com.tw/personal-zh/cards/dbs-credit-cards/default.page,2026-05-30
星展銀行,dbs,星展eco永續極簡卡,一般,,,,https://www.dbs.com.tw/personal-zh/cards/dbs-credit-cards/eco-ez?pid=tw-pweb-personal-zh_cards_dbs-credit-cards_default_page-hyperlink,https://www.dbs.com.tw/personal-zh/cards/dbs-credit-cards/default.page,2026-05-30
星展銀行,dbs,星展everyday威士御璽卡,高階卡,,,,https://www.dbs.com.tw/personal-zh/cards/everyday/index.html?pid=tw-pweb-personal-zh_cards_dbs-credit-cards_default_page-hyperlink,https://www.dbs.com.tw/personal-zh/cards/dbs-credit-cards/default.page,2026-05-30
星展銀行,dbs,星展everyday威士白金卡,一般,,,,https://www.dbs.com.tw/personal-zh/cards/everyday_2023/index.html?pid=tw-pweb-personal-zh_cards_dbs-credit-cards_default_page-hyperlink,https://www.dbs.com.tw/personal-zh/cards/dbs-credit-cards/default.page,2026-05-30
星展銀行,dbs,星展everyday鈦金卡,一般,,,,https://www.dbs.com.tw/personal-zh/cards/dbs-credit-cards/everyday_titanium?pid=tw-pweb-personal-zh_cards_dbs-credit-cards_default_page-cta,https://www.dbs.com.tw/personal-zh/cards/dbs-credit-cards/default.page,2026-05-30
星展銀行,dbs,星展傳說對決聯名卡,聯名卡,,,,https://www.dbs.com.tw/personal-zh/cards/dbs-aov/index.html?pid=tw-pweb-personal-zh_cards_dbs-credit-cards_default_page-hyperlink,https://www.dbs.com.tw/personal-zh/cards/dbs-credit-cards/default.page,2026-05-30
星展銀行,dbs,星展優仕商務卡,一般,,,,https://www.dbs.com.tw/personal-zh/cards/dbs-credit-cards/yours_signature_business_card?pid=tw-pweb-personal-zh_cards_dbs-credit-cards_default_page-hyperlink,https://www.dbs.com.tw/personal-zh/cards/dbs-credit-cards/default.page,2026-05-30
星展銀行,dbs,星展商務eco卡,一般,,,,https://www.dbs.com.tw/personal-zh/cards/dbs-credit-cards/eco-biz?pid=tw-pweb-personal-zh_cards_dbs-credit-cards_default_page-hyperlink,https://www.dbs.com.tw/personal-zh/cards/dbs-credit-cards/default.page,2026-05-30
星展銀行,dbs,星展喜憨兒認同卡,一般,,,,https://www.dbs.com.tw/personal-zh/cards/dbs-cru/index.html?pid=tw-pweb-personal-zh_cards_dbs-credit-cards_default_page-cru-hyperlink,https://www.dbs.com.tw/personal-zh/cards/dbs-credit-cards/default.page,2026-05-30
星展銀行,dbs,星展晶耀無限卡,高階卡,,,,https://www.dbs.com.tw/personal-zh/cards/dbs_Vantage/index.html?pid=tw-pweb-personal-zh_cards_dbs-credit-cards_default_page-hyperlink,https://www.dbs.com.tw/personal-zh/cards/dbs-credit-cards/default.page,2026-05-30
星展銀行,dbs,星展極耀無限卡,高階卡,,,,https://www.dbs.com.tw/personal-zh/cards/dbs_Insignia/index.html?pid=tw-pweb-personal-zh_cards_dbs-credit-cards_default_page-hyperlink,https://www.dbs.com.tw/personal-zh/cards/dbs-credit-cards/default.page,2026-05-30
星展銀行,dbs,星展炫晶商務御璽卡,高階卡,,,,https://www.dbs.com.tw/personal-zh/cards/livefresh_biz_signature_ipass/index.html?pid=tw-pweb-personal-zh_cards_dbs-credit-cards_default_page-hyperlink,https://www.dbs.com.tw/personal-zh/cards/dbs-credit-cards/default.page,2026-05-30
星展銀行,dbs,星展炫晶御璽卡,高階卡,,,,https://www.dbs.com.tw/personal-zh/cards/dbs-credit-cards/livefresh?pid=tw-pweb-personal-zh_cards_dbs-credit-cards_default_page-hyperlink,https://www.dbs.com.tw/personal-zh/cards/dbs-credit-cards/default.page,2026-05-30
星展銀行,dbs,星展炫晶鈦金卡,一般,,,,https://www.dbs.com.tw/personal-zh/cards/dbs-credit-cards/livefresh-titanium?pid=tw-pweb-personal-zh_cards_dbs-credit-cards_default_page-cta,https://www.dbs.com.tw/personal-zh/cards/dbs-credit-cards/default.page,2026-05-30
星展銀行,dbs,星展豐盛御璽卡,高階卡,,,,https://www.dbs.com.tw/personal-zh/cards/dbs-credit-cards/visa-treasures-biz-signature?pid=tw-pweb-personal-zh_cards_dbs-credit-cards_default_page-hyperlink,https://www.dbs.com.tw/personal-zh/cards/dbs-credit-cards/default.page,2026-05-30
星展銀行,dbs,星展豐盛無限卡,高階卡,,,,https://www.dbs.com.tw/personal-zh/cards/infinite/index.html?pid=tw-pweb-personal-zh_cards_dbs-credit-cards_default_page-hyperlink,https://www.dbs.com.tw/personal-zh/cards/dbs-credit-cards/default.page,2026-05-30
星展銀行,dbs,星展金卡/普卡,一般,,,,https://www.dbs.com.tw/personal-zh/cards/dbs-credit-cards/classic?pid=tw-pweb-personal-zh_cards_dbs-credit-cards_default_page-hyperlink,https://www.dbs.com.tw/personal-zh/cards/dbs-credit-cards/default.page,2026-05-30
星展銀行,dbs,星展飛行世界之極卡,高階卡,,,,https://www.dbs.com.tw/personal-zh/cards/travel_world_elite/index.html?pid=tw-pweb-personal-zh_cards_dbs-credit-cards_default_page-hyperlink,https://www.dbs.com.tw/personal-zh/cards/dbs-credit-cards/default.page,2026-05-30
星展銀行,dbs,星展飛行世界商務卡,高階卡,,,,https://www.dbs.com.tw/personal-zh/cards/travelworld/index.html?pid=tw-pweb-personal-zh_cards_dbs-credit-cards_default_page-hyperlink,https://www.dbs.com.tw/personal-zh/cards/dbs-credit-cards/default.page,2026-05-30
星展銀行,dbs,星展飛行鈦金卡,一般,,,,https://www.dbs.com.tw/personal-zh/cards/travel_titanium/index.html?pid=tw-pweb-personal-zh_cards_dbs-credit-cards_default_page-hyperlink,https://www.dbs.com.tw/personal-zh/cards/dbs-credit-cards/default.page,2026-05-30
星展銀行,dbs,星展饗樂生活卡,一般,,,,https://www.dbs.com.tw/personal-zh/cards/dbs-funlife/index.html?pid=tw-pweb-personal-zh_cards_dbs-credit-cards_default_page-hyperlink,https://www.dbs.com.tw/personal-zh/cards/dbs-credit-cards/default.page,2026-05-30
星展銀行,dbs,申辦附卡,一般,,,,https://www.dbs.com.tw/iwov-resources/pdf/LegalDisclaimersandAnnouncements/01_personal_finance/04_creditcards/cardbook_09.pdf,https://www.dbs.com.tw/personal-zh/cards/dbs-credit-cards/default.page,2026-05-30
永豐銀行,sinopac,DAWAY卡,一般,,,,https://bank.sinopac.com/sinopacBT/personal/credit-card/introduction/bankcard/DAWAY.html,https://bank.sinopac.com/sinopacBT/personal/credit-card/introduction/list.html,2026-05-30
永豐銀行,sinopac,DAWHO現金回饋Debit卡,現金回饋,,,,https://bank.sinopac.com/sinopacBT/personal/credit-card/introduction/debit/dawhodebit.html,https://bank.sinopac.com/sinopacBT/personal/credit-card/introduction/list.html,2026-05-30
永豐銀行,sinopac,DAWHO現金回饋信用卡,現金回饋,,,,https://bank.sinopac.com/sinopacBT/personal/credit-card/introduction/bankcard/DAWHO.html,https://bank.sinopac.com/sinopacBT/personal/credit-card/introduction/list.html,2026-05-30
永豐銀行,sinopac,JCB 晶緻卡,一般,,,,https://bank.sinopac.com/sinopacBT/personal/credit-card/right/jcb-precious.html,https://bank.sinopac.com/sinopacBT/personal/credit-card/introduction/list.html,2026-05-30
永豐銀行,sinopac,LINE POINTS回饋神卡,一般,,,,https://bank.sinopac.com/sinopacBT/personal/credit-card/introduction/list.html,https://bank.sinopac.com/sinopacBT/personal/credit-card/introduction/list.html,2026-05-30
永豐銀行,sinopac,MITSUI OUTLET PARK卡,一般,,,,https://bank.sinopac.com/sinopacBT/personal/credit-card/introduction/co-brand/mitsui-outlet-park-card.html,https://bank.sinopac.com/sinopacBT/personal/credit-card/introduction/list.html,2026-05-30
永豐銀行,sinopac,MasterCard 世界商務卡,高階卡,,,,https://bank.sinopac.com/sinopacBT/personal/credit-card/right/master-world-business.html,https://bank.sinopac.com/sinopacBT/personal/credit-card/introduction/list.html,2026-05-30
永豐銀行,sinopac,Mastercard Debit卡,一般,,,,https://bank.sinopac.com/sinopacBT/personal/credit-card/right/master-debit.html,https://bank.sinopac.com/sinopacBT/personal/credit-card/introduction/list.html,2026-05-30
永豐銀行,sinopac,Mastercard 世界卡,高階卡,,,,https://bank.sinopac.com/sinopacBT/personal/credit-card/right/master-world.html,https://bank.sinopac.com/sinopacBT/personal/credit-card/introduction/list.html,2026-05-30
永豐銀行,sinopac,Mastercard 鈦金卡,一般,,,,https://bank.sinopac.com/sinopacBT/personal/credit-card/right/master-titanium.html,https://bank.sinopac.com/sinopacBT/personal/credit-card/introduction/list.html,2026-05-30
永豐銀行,sinopac,Mastercard 鈦金商務卡,一般,,,,https://bank.sinopac.com/sinopacBT/personal/credit-card/right/master-titanium-business.html,https://bank.sinopac.com/sinopacBT/personal/credit-card/introduction/list.html,2026-05-30
永豐銀行,sinopac,Me Card,一般,,,,https://bank.sinopac.com/sinopacBT/personal/credit-card/introduction/bankcard/me-card.html,https://bank.sinopac.com/sinopacBT/personal/credit-card/introduction/list.html,2026-05-30
永豐銀行,sinopac,SEA鈦金商務悠遊卡,一般,,,,https://bank.sinopac.com/sinopacBT/personal/credit-card/introduction/bankcard/excellence-business-card-only-foreigner.html,https://bank.sinopac.com/sinopacBT/personal/credit-card/introduction/list.html,2026-05-30
永豐銀行,sinopac,SPORT Debit卡,一般,,,,https://bank.sinopac.com/sinopacBT/personal/credit-card/introduction/debit/sport-debit.html,https://bank.sinopac.com/sinopacBT/personal/credit-card/introduction/list.html,2026-05-30
永豐銀行,sinopac,VISA 商務御璽卡,高階卡,,,,https://bank.sinopac.com/sinopacBT/personal/credit-card/right/visabizsignature.html,https://bank.sinopac.com/sinopacBT/personal/credit-card/introduction/list.html,2026-05-30
永豐銀行,sinopac,VISA 御璽卡,高階卡,,,,https://bank.sinopac.com/sinopacBT/personal/credit-card/right/visa-signature.html,https://bank.sinopac.com/sinopacBT/personal/credit-card/introduction/list.html,2026-05-30
永豐銀行,sinopac,VISA 無限卡,高階卡,,,,https://bank.sinopac.com/sinopacBT/personal/credit-card/right/visa-infinite.html,https://bank.sinopac.com/sinopacBT/personal/credit-card/introduction/list.html,2026-05-30
永豐銀行,sinopac,VOGUE卡,一般,,,,https://bank.sinopac.com/sinopacBT/personal/credit-card/introduction/co-brand/vogue-card.html,https://bank.sinopac.com/sinopacBT/personal/credit-card/introduction/list.html,2026-05-30
永豐銀行,sinopac,中興大學悠遊認同卡,一般,,,,https://bank.sinopac.com/sinopacBT/personal/credit-card/introduction/co-brand/nchu-card.html,https://bank.sinopac.com/sinopacBT/personal/credit-card/introduction/list.html,2026-05-30
永豐銀行,sinopac,保倍卡,一般,,,,https://bank.sinopac.com/sinopacBT/personal/credit-card/introduction/bankcard/insurance-card.html,https://bank.sinopac.com/sinopacBT/personal/credit-card/introduction/list.html,2026-05-30
永豐銀行,sinopac,公司Debit卡,一般,,,,https://bank.sinopac.com/sinopacBT/personal/credit-card/introduction/debit/companydebit.html,https://bank.sinopac.com/sinopacBT/personal/credit-card/introduction/list.html,2026-05-30
永豐銀行,sinopac,其他信用卡,一般,,,,https://bank.sinopac.com/sinopacBT/personal/credit-card/introduction/bankcard/others-card.html,https://bank.sinopac.com/sinopacBT/personal/credit-card/introduction/list.html,2026-05-30
永豐銀行,sinopac,商務御璽公司卡,高階卡,,,,https://bank.sinopac.com/sinopacBT/personal/credit-card/introduction/business/business-coroperate-card.html,https://bank.sinopac.com/sinopacBT/personal/credit-card/introduction/list.html,2026-05-30
永豐銀行,sinopac,商務御璽數位企業卡,高階卡,,,,https://bank.sinopac.com/sinopacBT/personal/credit-card/introduction/business/business-virtual-card.html,https://bank.sinopac.com/sinopacBT/personal/credit-card/introduction/list.html,2026-05-30
永豐銀行,sinopac,國際學生證Debit卡,一般,,,,https://bank.sinopac.com/sinopacBT/personal/credit-card/introduction/debit/ISIC-Debit-Card.html,https://bank.sinopac.com/sinopacBT/personal/credit-card/introduction/list.html,2026-05-30
永豐銀行,sinopac,夢行卡,一般,,,,https://bank.sinopac.com/sinopacBT/personal/credit-card/introduction/bankcard/excellence-business-card.html,https://bank.sinopac.com/sinopacBT/personal/credit-card/introduction/list.html,2026-05-30
永豐銀行,sinopac,山富採購卡,一般,,,,https://bank.sinopac.com/sinopacBT/personal/credit-card/introduction/business/richmond-card.html,https://bank.sinopac.com/sinopacBT/personal/credit-card/introduction/list.html,2026-05-30
永豐銀行,sinopac,幣倍卡,一般,,,,https://bank.sinopac.com/sinopacBT/personal/credit-card/introduction/bankcard/dual-currency-card.html,https://bank.sinopac.com/sinopacBT/personal/credit-card/introduction/list.html,2026-05-30
永豐銀行,sinopac,我要辦卡,一般,,,,https://bank.sinopac.com/sinopacBT/personal/credit-card/online-apply/gift.html,https://bank.sinopac.com/sinopacBT/personal/credit-card/introduction/list.html,2026-05-30
永豐銀行,sinopac,換發多幣卡,一般,,,,https://mma.sinopac.com/MemberPortal/Member/ReqLogin.aspx?REFURL=/SinoCard/DebitCard/Apply,https://bank.sinopac.com/sinopacBT/personal/credit-card/introduction/list.html,2026-05-30
永豐銀行,sinopac,旅天下白金卡,一般,,,,https://bank.sinopac.com/sinopacBT/personal/credit-card/introduction/business/liontravel-card.html,https://bank.sinopac.com/sinopacBT/personal/credit-card/introduction/list.html,2026-05-30
永豐銀行,sinopac,東森網連通聯名卡,聯名卡,,,,https://bank.sinopac.com/sinopacBT/personal/credit-card/introduction/co-brand/EasternCommerce-card.html,https://bank.sinopac.com/sinopacBT/personal/credit-card/introduction/list.html,2026-05-30
永豐銀行,sinopac,永傳世界卡,高階卡,,,,https://bank.sinopac.com/sinopacBT/personal/credit-card/introduction/bankcard/WBCH.html,https://bank.sinopac.com/sinopacBT/personal/credit-card/introduction/list.html,2026-05-30
永豐銀行,sinopac,永富世界卡,高階卡,,,,https://bank.sinopac.com/sinopacBT/personal/credit-card/introduction/bankcard/WBFU.html,https://bank.sinopac.com/sinopacBT/personal/credit-card/introduction/list.html,2026-05-30
永豐銀行,sinopac,永豐55688聯名卡,聯名卡,,,,https://bank.sinopac.com/sinopacBT/personal/credit-card/introduction/co-brand/taxicard.html,https://bank.sinopac.com/sinopacBT/personal/credit-card/introduction/list.html,2026-05-30
永豐銀行,sinopac,永豐SPORT卡,一般,,,,https://bank.sinopac.com/sinopacBT/personal/credit-card/introduction/bankcard/sportcard.html,https://bank.sinopac.com/sinopacBT/personal/credit-card/introduction/list.html,2026-05-30
永豐銀行,sinopac,永豐世界卡,高階卡,,,,https://bank.sinopac.com/sinopacBT/personal/credit-card/introduction/bankcard/word-card.html,https://bank.sinopac.com/sinopacBT/personal/credit-card/introduction/list.html,2026-05-30
永豐銀行,sinopac,永豐現金回饋JCB卡,現金回饋,,,,https://bank.sinopac.com/sinopacBT/personal/credit-card/introduction/bankcard/cashcardJCB.html,https://bank.sinopac.com/sinopacBT/personal/credit-card/introduction/list.html,2026-05-30
永豐銀行,sinopac,永豐現金回饋卡,現金回饋,,,,https://bank.sinopac.com/sinopacBT/personal/credit-card/introduction/bankcard/cashcardvisa.html,https://bank.sinopac.com/sinopacBT/personal/credit-card/introduction/list.html,2026-05-30
永豐銀行,sinopac,永豐美麗華卡,一般,,,,https://bank.sinopac.com/sinopacBT/personal/credit-card/introduction/co-brand/miramar-card.html,https://bank.sinopac.com/sinopacBT/personal/credit-card/introduction/list.html,2026-05-30
永豐銀行,sinopac,永豐財富無限卡,高階卡,,,,https://bank.sinopac.com/sinopacBT/personal/credit-card/introduction/bankcard/wealth-unlimite-card.html,https://bank.sinopac.com/sinopacBT/personal/credit-card/introduction/list.html,2026-05-30
永豐銀行,sinopac,永豐銀行現金儲值卡,一般,,,,https://bank.sinopac.com/sinopacBT/personal/credit-card/introduction/cash/cash-card.html,https://bank.sinopac.com/sinopacBT/personal/credit-card/introduction/list.html,2026-05-30
永豐銀行,sinopac,永豐點字金融信用卡,一般,,,,https://bank.sinopac.com/sinopacBT/personal/credit-card/introduction/bankcard/Braillecombo.html,https://bank.sinopac.com/sinopacBT/personal/credit-card/introduction/list.html,2026-05-30
永豐銀行,sinopac,現金回饋Debit卡,現金回饋,,,,https://bank.sinopac.com/sinopacBT/personal/credit-card/introduction/debit/debit.html,https://bank.sinopac.com/sinopacBT/personal/credit-card/introduction/list.html,2026-05-30
永豐銀行,sinopac,現金回饋Green卡,現金回饋,,,,https://bank.sinopac.com/sinopacBT/personal/credit-card/introduction/bankcard/cashcard.html,https://bank.sinopac.com/sinopacBT/personal/credit-card/introduction/list.html,2026-05-30
永豐銀行,sinopac,環球採購卡,一般,,,,https://bank.sinopac.com/sinopacBT/personal/credit-card/introduction/business/business-gtpp-card.html,https://bank.sinopac.com/sinopacBT/personal/credit-card/introduction/list.html,2026-05-30
永豐銀行,sinopac,申請運動卡,一般,,,,https://mma.sinopac.com/SinoCard/Application/ApplyCard?CardFace=289301,https://bank.sinopac.com/sinopacBT/personal/credit-card/introduction/list.html,2026-05-30
永豐銀行,sinopac,美安聯名卡,聯名卡,,,,https://bank.sinopac.com/sinopacBT/personal/credit-card/introduction/co-brand/shop-card.html,https://bank.sinopac.com/sinopacBT/personal/credit-card/introduction/list.html,2026-05-30
永豐銀行,sinopac,美樂家生活卡,一般,,,,https://bank.sinopac.com/sinopacBT/personal/credit-card/introduction/co-brand/melaleuca-card.html,https://bank.sinopac.com/sinopacBT/personal/credit-card/introduction/list.html,2026-05-30
永豐銀行,sinopac,農業用途信用卡,一般,,,,https://bank.sinopac.com/sinopacBT/personal/credit-card/introduction/list.html,https://bank.sinopac.com/sinopacBT/personal/credit-card/introduction/list.html,2026-05-30
永豐銀行,sinopac,農騰卡,一般,,,,https://bank.sinopac.com/sinopacBT/personal/credit-card/introduction/business/farmer-card.html,https://bank.sinopac.com/sinopacBT/personal/credit-card/introduction/list.html,2026-05-30
永豐銀行,sinopac,鈦豐卡,一般,,,,https://bank.sinopac.com/sinopacBT/personal/credit-card/introduction/bankcard/discount-unlimite-card.html,https://bank.sinopac.com/sinopacBT/personal/credit-card/introduction/list.html,2026-05-30
永豐銀行,sinopac,鈦金商務公司卡,一般,,,,https://bank.sinopac.com/sinopacBT/personal/credit-card/introduction/business/companytitanium.html,https://bank.sinopac.com/sinopacBT/personal/credit-card/introduction/list.html,2026-05-30
永豐銀行,sinopac,雄獅T&T白金卡,一般,,,,https://bank.sinopac.com/sinopacBT/personal/credit-card/introduction/business/liontravel-sale-card.html,https://bank.sinopac.com/sinopacBT/personal/credit-card/introduction/list.html,2026-05-30
永豐銀行,sinopac,雙幣公司卡,一般,,,,https://bank.sinopac.com/sinopacBT/personal/credit-card/introduction/business/dual-currency-coroperate-card.html,https://bank.sinopac.com/sinopacBT/personal/credit-card/introduction/list.html,2026-05-30
渣打銀行,scb,"Text, Credit Card",一般,,,,https://www.sc.com/tw/credit-cards/hcard/,https://www.sc.com/tw/credit-cards/,2026-05-30
渣打銀行,scb,TheShoppingCard 省息卡,一般,,,,https://www.sc.com/tw/credit-cards/shopping-saving/,https://www.sc.com/tw/credit-cards/,2026-05-30
渣打銀行,scb,中華郵政遨郵卡,一般,,,,https://www.sc.com/tw/credit-cards/post-office/,https://www.sc.com/tw/credit-cards/,2026-05-30
渣打銀行,scb,渣打Combo信用卡,一般,,,,https://www.sc.com/tw/credit-cards/combo/,https://www.sc.com/tw/credit-cards/,2026-05-30
渣打銀行,scb,渣打H信用卡,一般,,,,https://www.sc.com/tw/credit-cards/hcard/,https://www.sc.com/tw/credit-cards/,2026-05-30
渣打銀行,scb,渣打LINE Bank聯名卡,聯名卡,,,,https://www.sc.com/tw/credit-cards/linebank-coband-card/,https://www.sc.com/tw/credit-cards/,2026-05-30
渣打銀行,scb,渣打VISA金融卡,一般,,,,https://www.sc.com/tw/save/visa-debit-card/,https://www.sc.com/tw/credit-cards/,2026-05-30
渣打銀行,scb,渣打信用卡,一般,,,,https://www.sc.com/tw/credit-cards/bank/,https://www.sc.com/tw/credit-cards/,2026-05-30
渣打銀行,scb,渣打優先理財無限卡,高階卡,,,,https://www.sc.com/tw/credit-cards/visa-infinite-card/,https://www.sc.com/tw/credit-cards/,2026-05-30
渣打銀行,scb,渣打現金回饋御璽卡,現金回饋/高階卡,,,,https://www.sc.com/tw/credit-cards/signature-card/,https://www.sc.com/tw/credit-cards/,2026-05-30
渣打銀行,scb,渣打銀行世界卡,高階卡,,,,https://www.sc.com/tw/credit-cards/world/,https://www.sc.com/tw/credit-cards/,2026-05-30
渣打銀行,scb,餘額代償卡,一般,,,,https://www.sc.com/tw/credit-cards/instalment/,https://www.sc.com/tw/credit-cards/,2026-05-30
滙豐銀行,hsbc,Live+現金回饋卡,現金回饋,,,,https://www.hsbc.com.tw/credit-cards/products/liveplus/,https://www.hsbc.com.tw/credit-cards/,2026-05-30
滙豐銀行,hsbc,Visa金融卡,一般,,,,https://www.hsbc.com.tw/accounts/products/everyday-global/,https://www.hsbc.com.tw/credit-cards/,2026-05-30
滙豐銀行,hsbc,卓越理財信用卡,一般,,,,https://www.hsbc.com.tw/credit-cards/products/premier/,https://www.hsbc.com.tw/credit-cards/,2026-05-30
滙豐銀行,hsbc,旅人御璽卡,高階卡,,,,https://www.hsbc.com.tw/credit-cards/products/travelone-signature/,https://www.hsbc.com.tw/credit-cards/,2026-05-30
滙豐銀行,hsbc,旅人無限卡,高階卡,,,,https://www.hsbc.com.tw/credit-cards/products/travel/visa-infinite/,https://www.hsbc.com.tw/credit-cards/,2026-05-30
滙豐銀行,hsbc,旅人輕旅卡,一般,,,,https://www.hsbc.com.tw/credit-cards/products/travelone/,https://www.hsbc.com.tw/credit-cards/,2026-05-30
滙豐銀行,hsbc,查看所有信用卡,一般,,,,https://www.hsbc.com.tw/credit-cards/compare/,https://www.hsbc.com.tw/credit-cards/,2026-05-30
滙豐銀行,hsbc,滙豐Live+現金回饋卡,現金回饋,,,,https://www.hsbc.com.tw/credit-cards/products/liveplus/,https://www.hsbc.com.tw/credit-cards/,2026-05-30
滙豐銀行,hsbc,滙豐信用卡,一般,,,,https://www.hsbc.com.tw/credit-cards/,https://www.hsbc.com.tw/credit-cards/,2026-05-30
滙豐銀行,hsbc,滙豐匯鑽卡,一般,,,,https://www.hsbc.com.tw/credit-cards/products/cashback-titanium/,https://www.hsbc.com.tw/credit-cards/,2026-05-30
滙豐銀行,hsbc,滙豐旅人御璽卡,高階卡,,,,https://www.hsbc.com.tw/credit-cards/products/travelone-signature/,https://www.hsbc.com.tw/credit-cards/,2026-05-30
滙豐銀行,hsbc,滙豐旅人無限卡,高階卡,,,,https://www.hsbc.com.tw/credit-cards/products/travel/visa-infinite/,https://www.hsbc.com.tw/credit-cards/,2026-05-30
滙豐銀行,hsbc,滙豐旅人輕旅卡,一般,,,,https://www.hsbc.com.tw/credit-cards/products/travelone/,https://www.hsbc.com.tw/credit-cards/,2026-05-30
滙豐銀行,hsbc,現金回饋御璽卡,現金回饋/高階卡,,,,https://www.hsbc.com.tw/credit-cards/products/cashback-signature/,https://www.hsbc.com.tw/credit-cards/,2026-05-30
滙豐銀行,hsbc,環球Visa金融卡,一般,,,,https://www.hsbc.com.tw/accounts/products/everyday-global/,https://www.hsbc.com.tw/credit-cards/,2026-05-30
滙豐銀行,hsbc,申請我們最受歡迎的信用卡,一般,,,,https://www.hsbc.com.tw/credit-cards/,https://www.hsbc.com.tw/credit-cards/,2026-05-30
滙豐銀行,hsbc,立即申請 滙豐Live+現金回饋卡,現金回饋,,,,https://card.apply.hsbc.com.tw/hsbcoa/credit_card/select_your_card?cardid=15&BannerID=PWS_VKPAGE_PINNED,https://www.hsbc.com.tw/credit-cards/,2026-05-30
滙豐銀行,hsbc,立即申請 滙豐匯鑽卡,一般,,,,https://card.apply.hsbc.com.tw/hsbcoa/credit_card/select_your_card?cardid=13&BannerID=PWS_CARDHP_MK&CardType=MK,https://www.hsbc.com.tw/credit-cards/,2026-05-30
滙豐銀行,hsbc,立即申請 滙豐旅人御璽卡,高階卡,,,,https://card.apply.hsbc.com.tw/hsbcoa/credit_card/select_your_card?cardid=11&BannerID=PWS_CardHP_V7&FromCard=1&CardType=V7,https://www.hsbc.com.tw/credit-cards/,2026-05-30
滙豐銀行,hsbc,立即申請 滙豐旅人無限卡,高階卡,,,,https://card.apply.hsbc.com.tw/hsbcoa/credit_card/select_your_card?cardid=10&BannerID=PWS_CardHP_V6&CardType=V6,https://www.hsbc.com.tw/credit-cards/,2026-05-30
滙豐銀行,hsbc,立即申請 滙豐旅人輕旅卡,一般,,,,https://card.apply.hsbc.com.tw/hsbcoa/credit_card/select_your_card?cardid=12&BannerID=PWS_CardHP_V8&CardType=V8,https://www.hsbc.com.tw/credit-cards/,2026-05-30
滙豐銀行,hsbc,立即申請 現金回饋御璽卡,現金回饋/高階卡,,,,https://card.apply.hsbc.com.tw/hsbcoa/credit_card/select_your_card?cardid=1&BannerID=PWS_CardHP_VM&CardType=VM,https://www.hsbc.com.tw/credit-cards/,2026-05-30
滙豐銀行,hsbc,立即申請 線上申辦滙豐信用卡,一般,,,,https://card.apply.hsbc.com.tw/hsbcoa/credit_card/select_your_card,https://www.hsbc.com.tw/credit-cards/,2026-05-30
滙豐銀行,hsbc,線上申辦信用卡,一般,,,,https://card.apply.hsbc.com.tw/hsbcoa/credit_card/select_your_card?cardid=1&BannerID=PWSList_Online&CardType=VM,https://www.hsbc.com.tw/credit-cards/,2026-05-30
玉山銀行,esun,LUXGEN 亮點聯名卡,聯名卡,,,,https://www.esunbank.com/zh-tw/personal/credit-card/intro/co-branded-card/luxgen-card,https://www.esunbank.com/zh-tw/personal/credit-card/intro,2026-05-30
玉山銀行,esun,Mastercard,一般,,,,https://www.esunbank.com/zh-tw/personal/credit-card/intro,https://www.esunbank.com/zh-tw/personal/credit-card/intro,2026-05-30
玉山銀行,esun,NISSAN悠遊聯名卡,聯名卡,,,,https://www.esunbank.com/zh-tw/personal/credit-card/intro/co-branded-card/nissan-card,https://www.esunbank.com/zh-tw/personal/credit-card/intro,2026-05-30
玉山銀行,esun,Ubear信用卡,一般,,,,https://www.esunbank.com/zh-tw/personal/credit-card/intro/bank-card/u-bear,https://www.esunbank.com/zh-tw/personal/credit-card/intro,2026-05-30
玉山銀行,esun,pi card,一般,,,,https://www.esunbank.com/zh-tw/personal/credit-card/intro/co-branded-card/pi-card,https://www.esunbank.com/zh-tw/personal/credit-card/intro,2026-05-30
玉山銀行,esun,中友百貨悠遊聯名卡,聯名卡,,,,https://www.esunbank.com/zh-tw/personal/credit-card/intro/co-branded-card/chungyo-card,https://www.esunbank.com/zh-tw/personal/credit-card/intro,2026-05-30
玉山銀行,esun,中醫師無限卡,高階卡,,,,https://www.esunbank.com/zh-tw/personal/credit-card/intro/world-card/chinese-physician-card,https://www.esunbank.com/zh-tw/personal/credit-card/intro,2026-05-30
玉山銀行,esun,全球企業卡,一般,,,,https://www.esunbank.com/zh-tw/personal/credit-card/intro#7,https://www.esunbank.com/zh-tw/personal/credit-card/intro,2026-05-30
玉山銀行,esun,公務人員國民旅遊卡,一般,,,,https://www.esunbank.com/zh-tw/personal/credit-card/intro/travel-card/traveler-card,https://www.esunbank.com/zh-tw/personal/credit-card/intro,2026-05-30
玉山銀行,esun,南山人壽悠遊聯名卡,聯名卡,,,,https://www.esunbank.com/zh-tw/personal/credit-card/intro/co-branded-card/ns-card,https://www.esunbank.com/zh-tw/personal/credit-card/intro,2026-05-30
玉山銀行,esun,啄木鳥悠遊聯名卡,聯名卡,,,,https://www.esunbank.com/zh-tw/personal/credit-card/intro/co-branded-card/woodpeckers-card,https://www.esunbank.com/zh-tw/personal/credit-card/intro,2026-05-30
玉山銀行,esun,國民旅遊卡 / 採購卡,一般,,,,https://www.esunbank.com/zh-tw/personal/credit-card/intro#5,https://www.esunbank.com/zh-tw/personal/credit-card/intro,2026-05-30
玉山銀行,esun,大江聯名卡,聯名卡,,,,https://www.esunbank.com/zh-tw/personal/credit-card/intro/co-branded-card/metrowalk,https://www.esunbank.com/zh-tw/personal/credit-card/intro,2026-05-30
玉山銀行,esun,寶雅悠遊聯名卡,聯名卡,,,,https://www.esunbank.com/zh-tw/personal/credit-card/intro/co-branded-card/poya-card,https://www.esunbank.com/zh-tw/personal/credit-card/intro,2026-05-30
玉山銀行,esun,山隆優油鈦金卡,一般,,,,https://www.esunbank.com/zh-tw/personal/credit-card/intro/co-branded-card/shanloong-card,https://www.esunbank.com/zh-tw/personal/credit-card/intro,2026-05-30
玉山銀行,esun,建築師無限卡,高階卡,,,,https://www.esunbank.com/zh-tw/personal/credit-card/intro/world-card/architect-card,https://www.esunbank.com/zh-tw/personal/credit-card/intro,2026-05-30
玉山銀行,esun,悠遊卡,一般,,,,https://www.esunbank.com/zh-tw/personal/credit-card/intro,https://www.esunbank.com/zh-tw/personal/credit-card/intro,2026-05-30
玉山銀行,esun,政府網路採購卡,一般,,,,https://www.esunbank.com/zh-tw/personal/credit-card/intro/travel-card/government,https://www.esunbank.com/zh-tw/personal/credit-card/intro,2026-05-30
玉山銀行,esun,會計師無限卡,高階卡,,,,https://www.esunbank.com/zh-tw/personal/credit-card/intro/world-card/accountant-card,https://www.esunbank.com/zh-tw/personal/credit-card/intro,2026-05-30
玉山銀行,esun,民間版國民旅遊卡,一般,,,,https://www.esunbank.com/zh-tw/personal/credit-card/intro/travel-card/traveler-popular-card,https://www.esunbank.com/zh-tw/personal/credit-card/intro,2026-05-30
玉山銀行,esun,清華認同卡,一般,,,,https://www.esunbank.com/zh-tw/personal/credit-card/intro/co-branded-card/NTUH-card,https://www.esunbank.com/zh-tw/personal/credit-card/intro,2026-05-30
玉山銀行,esun,牙醫師無限卡,高階卡,,,,https://www.esunbank.com/zh-tw/personal/credit-card/intro/world-card/dentist-infinite-card,https://www.esunbank.com/zh-tw/personal/credit-card/intro,2026-05-30
玉山銀行,esun,玉山 Pi 拍兔簽帳金融卡,一般,,,,https://www.esunbank.com/zh-tw/personal/credit-card/intro/debit-card/Pi-debit-card,https://www.esunbank.com/zh-tw/personal/credit-card/intro,2026-05-30
玉山銀行,esun,玉山 Pi 拍錢包信用卡,一般,,,,https://www.esunbank.com/zh-tw/personal/credit-card/intro/co-branded-card/pi-card,https://www.esunbank.com/zh-tw/personal/credit-card/intro,2026-05-30
玉山銀行,esun,玉山JCB晶緻悠遊卡,一般,,,,https://www.esunbank.com/zh-tw/personal/credit-card/intro/bank-card/jcb-card,https://www.esunbank.com/zh-tw/personal/credit-card/intro,2026-05-30
玉山銀行,esun,玉山Only卡,一般,,,,https://www.esunbank.com/zh-tw/personal/credit-card/intro/bank-card/only-card,https://www.esunbank.com/zh-tw/personal/credit-card/intro,2026-05-30
玉山銀行,esun,玉山Unicard,一般,,,,https://www.esunbank.com/zh-tw/personal/credit-card/intro/bank-card/unicard,https://www.esunbank.com/zh-tw/personal/credit-card/intro,2026-05-30
玉山銀行,esun,玉山icash聯名卡,聯名卡,,,,https://www.esunbank.com/zh-tw/personal/credit-card/intro/bank-card/icash-card,https://www.esunbank.com/zh-tw/personal/credit-card/intro,2026-05-30
玉山銀行,esun,玉山世界卡,高階卡,,,,https://www.esunbank.com/zh-tw/personal/credit-card/intro/world-card/WORLD,https://www.esunbank.com/zh-tw/personal/credit-card/intro,2026-05-30
玉山銀行,esun,玉山台灣黑熊認同卡,一般,,,,https://www.esunbank.com/zh-tw/personal/credit-card/intro/co-branded-card/bear-card,https://www.esunbank.com/zh-tw/personal/credit-card/intro,2026-05-30
玉山銀行,esun,玉山商務御璽卡,高階卡,,,,https://www.esunbank.com/zh-tw/personal/credit-card/intro/bank-card/business-card,https://www.esunbank.com/zh-tw/personal/credit-card/intro,2026-05-30
玉山銀行,esun,玉山宏匯廣場聯名卡,聯名卡,,,,https://www.esunbank.com/zh-tw/personal/credit-card/intro/co-branded-card/Honhui-Plaza,https://www.esunbank.com/zh-tw/personal/credit-card/intro,2026-05-30
玉山銀行,esun,玉山幸運PLUS鈦金卡,一般,,,,https://www.esunbank.com/zh-tw/personal/credit-card/intro/bank-card/plus-titanium-card,https://www.esunbank.com/zh-tw/personal/credit-card/intro,2026-05-30
玉山銀行,esun,玉山幸運鈦金卡,一般,,,,https://www.esunbank.com/zh-tw/personal/credit-card/intro/bank-card/titanium-card,https://www.esunbank.com/zh-tw/personal/credit-card/intro,2026-05-30
玉山銀行,esun,玉山御璽卡,高階卡,,,,https://www.esunbank.com/zh-tw/personal/credit-card/intro/bank-card/signature-card,https://www.esunbank.com/zh-tw/personal/credit-card/intro,2026-05-30
玉山銀行,esun,玉山悠遊簽帳金融卡,一般,,,,https://www.esunbank.com/zh-tw/personal/credit-card/intro/debit-card/debit-card,https://www.esunbank.com/zh-tw/personal/credit-card/intro,2026-05-30
玉山銀行,esun,玉山悠遊聯名卡,聯名卡,,,,https://www.esunbank.com/zh-tw/personal/credit-card/intro/bank-card/easy-card,https://www.esunbank.com/zh-tw/personal/credit-card/intro,2026-05-30
玉山銀行,esun,玉山愛心卡,一般,,,,https://www.esunbank.com/zh-tw/personal/credit-card/intro/co-branded-card/blood-card,https://www.esunbank.com/zh-tw/personal/credit-card/intro,2026-05-30
玉山銀行,esun,玉山數位e卡,一般,,,,https://www.esunbank.com/zh-tw/personal/credit-card/intro/bank-card/e-card,https://www.esunbank.com/zh-tw/personal/credit-card/intro,2026-05-30
玉山銀行,esun,玉山數位保險卡,一般,,,,https://www.esunbank.com/zh-tw/personal/credit-card/intro/bank-card/inscard,https://www.esunbank.com/zh-tw/personal/credit-card/intro,2026-05-30
玉山銀行,esun,玉山易遊卡,一般,,,,https://www.esunbank.com/zh-tw/personal/credit-card/intro/co-branded-card/eztravel,https://www.esunbank.com/zh-tw/personal/credit-card/intro,2026-05-30
玉山銀行,esun,玉山星宇航空聯名卡,聯名卡,,,,https://www.esunbank.com/zh-tw/personal/credit-card/intro/co-branded-card/starlux-card,https://www.esunbank.com/zh-tw/personal/credit-card/intro,2026-05-30
玉山銀行,esun,玉山漢神巨蛋聯名卡,聯名卡,,,,https://www.esunbank.com/zh-tw/personal/credit-card/intro/co-branded-card/hs-card,https://www.esunbank.com/zh-tw/personal/credit-card/intro,2026-05-30
玉山銀行,esun,玉山熊本熊卡,一般,,,,https://www.esunbank.com/zh-tw/personal/credit-card/intro/bank-card/kumamon_card,https://www.esunbank.com/zh-tw/personal/credit-card/intro,2026-05-30
玉山銀行,esun,玉山簽帳金融卡,一般,,,,https://www.esunbank.com/zh-tw/personal/credit-card/intro/debit-card/Visa-debit-card,https://www.esunbank.com/zh-tw/personal/credit-card/intro,2026-05-30
玉山銀行,esun,玉山蘭城新月聯名卡,聯名卡,,,,https://www.esunbank.com/zh-tw/personal/credit-card/intro/co-branded-card/luna-plaza,https://www.esunbank.com/zh-tw/personal/credit-card/intro,2026-05-30
玉山銀行,esun,玉山雙幣信用卡,一般,,,,https://www.esunbank.com/zh-tw/personal/credit-card/intro/bank-card/dualcurrency-card,https://www.esunbank.com/zh-tw/personal/credit-card/intro,2026-05-30
玉山銀行,esun,玉山ＵBear信用卡,一般,,,,https://www.esunbank.com/zh-tw/personal/credit-card/intro/bank-card/u-bear,https://www.esunbank.com/zh-tw/personal/credit-card/intro,2026-05-30
玉山銀行,esun,耐斯廣場NP聯名卡,聯名卡,,,,https://www.esunbank.com/zh-tw/personal/credit-card/intro/co-branded-card/nice-card,https://www.esunbank.com/zh-tw/personal/credit-card/intro,2026-05-30
玉山銀行,esun,藥師信用卡,一般,,,,https://www.esunbank.com/zh-tw/personal/credit-card/intro/world-card/pharmacist-card,https://www.esunbank.com/zh-tw/personal/credit-card/intro,2026-05-30
玉山銀行,esun,賀寶芙悠遊聯名卡,聯名卡,,,,https://www.esunbank.com/zh-tw/personal/credit-card/intro/co-branded-card/herbalife-card,https://www.esunbank.com/zh-tw/personal/credit-card/intro,2026-05-30
玉山銀行,esun,醫師尊榮御璽卡,高階卡,,,,https://www.esunbank.com/zh-tw/personal/credit-card/intro/co-branded-card/doctor-card,https://www.esunbank.com/zh-tw/personal/credit-card/intro,2026-05-30
玉山銀行,esun,醫師尊榮無限卡,高階卡,,,,https://www.esunbank.com/zh-tw/personal/credit-card/intro/world-card/doctor-infinite-card,https://www.esunbank.com/zh-tw/personal/credit-card/intro,2026-05-30
玉山銀行,esun,雙北市牙醫師公會會員卡,一般,,,,https://www.esunbank.com/zh-tw/personal/credit-card/intro/co-branded-card/TDA,https://www.esunbank.com/zh-tw/personal/credit-card/intro,2026-05-30
玉山銀行,esun,麗寶聯名卡,聯名卡,,,,https://www.esunbank.com/zh-tw/personal/credit-card/intro/co-branded-card/LIH-PAO,https://www.esunbank.com/zh-tw/personal/credit-card/intro,2026-05-30
